{"name":"c68c8e8f-7a68-4b44-9476-d97c93a8ea54","id":"/providers/Microsoft.Flow/flows/c68c8e8f-7a68-4b44-9476-d97c93a8ea54","type":"Microsoft.Flow/flows","properties":{"apiId":"/providers/Microsoft.PowerApps/apis/shared_logicflows","displayName":"ServiceDesk Scorecard Master Incident Report","definition":{"metadata":{"workflowEntityId":null,"processAdvisorMetadata":null,"flowclientsuspensionreason":"None","flowclientsuspensiontime":null,"creator":{"id":"ac01fcf3-1c35-4520-83af-788616b5b56e","type":"User","tenantId":"10a23551-fd77-40fd-bcf3-bd6e1480e914"},"provisioningMethod":"FromDefinition","failureAlertSubscription":true,"clientLastModifiedTime":"2022-07-08T19:16:34.8615169Z"},"$schema":"https://schema.management.azure.com/providers/Microsoft.Logic/schemas/2016-06-01/workflowdefinition.json#","contentVersion":"1.0.0.0","parameters":{"$connections":{"defaultValue":{},"type":"Object"},"$authentication":{"defaultValue":{},"type":"SecureObject"}},"triggers":{"When_a_new_email_arrives_in_a_shared_mailbox_(V2)":{"recurrence":{"frequency":"Minute","interval":1},"metadata":{"operationMetadataId":"5109db88-1e7b-4d9e-850d-67e518da39b4"},"type":"OpenApiConnection","inputs":{"host":{"apiId":"/providers/Microsoft.PowerApps/apis/shared_office365","connectionName":"shared_office365","operationId":"SharedMailboxOnNewEmailV2"},"parameters":{"mailboxAddress":"noc3@3-dtechnology.com","folderId":"Inbox","hasAttachments":true,"includeAttachments":true,"subjectFilter":"ServiceDesk Scorecard Master Incident Report"},"authentication":"@parameters('$authentication')"},"conditions":[]}},"actions":{"Terminate":{"runAfter":{"Send_an_email_(V2)":["Succeeded"]},"metadata":{"operationMetadataId":"c96955f5-05c4-4128-aa4e-bc43ea040427"},"type":"Terminate","inputs":{"runStatus":"Succeeded"}},"Apply_to_each":{"foreach":"@triggerOutputs()?['body/value']","actions":{"Apply_to_each_2":{"foreach":"@items('Apply_to_each')?['attachments']","actions":{"Create_file":{"runAfter":{},"metadata":{"operationMetadataId":"52406972-592a-4391-9cdd-a2524a575737"},"type":"OpenApiConnection","inputs":{"host":{"apiId":"/providers/Microsoft.PowerApps/apis/shared_sharepointonline","connectionName":"shared_sharepointonline","operationId":"CreateFile"},"parameters":{"dataset":"https://3dtechnology.sharepoint.com/sites/3-DServiceDesk","folderPath":"/Shared Documents/Service Desk Leadership/Service Desk Reporting Data","name":"SNOW Incident Table.xlsx","body":"@items('Apply_to_each_2')?['contentBytes']"},"authentication":"@parameters('$authentication')"},"runtimeConfiguration":{"contentTransfer":{"transferMode":"Chunked"}}}},"runAfter":{},"metadata":{"operationMetadataId":"026c88b4-4e02-4fbb-99bb-739d7e43ddba"},"type":"Foreach"}},"runAfter":{"Delete_master_file":["Succeeded","Skipped","Failed"]},"metadata":{"operationMetadataId":"39138110-f0fa-4bf9-896b-23f5bc4c8a00"},"type":"Foreach"},"Delete_master_file":{"runAfter":{},"metadata":{"%252fShared%2bDocuments%252fService%2bDesk%2bLeadership%252fService%2bDesk%2bReporting%2bData%252fSNOW%2bIncident%2bTable.xlsx":"/Shared Documents/Service Desk Leadership/Service Desk Reporting Data/SNOW Incident Table.xlsx","operationMetadataId":"4a0e1a13-ce3b-4a1c-869d-4dd6c03ba259"},"type":"OpenApiConnection","inputs":{"host":{"apiId":"/providers/Microsoft.PowerApps/apis/shared_sharepointonline","connectionName":"shared_sharepointonline","operationId":"DeleteFile"},"parameters":{"dataset":"https://3dtechnology.sharepoint.com/sites/3-DServiceDesk","id":"%252fShared%2bDocuments%252fService%2bDesk%2bLeadership%252fService%2bDesk%2bReporting%2bData%252fSNOW%2bIncident%2bTable.xlsx"},"authentication":"@parameters('$authentication')"}},"Send_an_email_(V2)":{"runAfter":{"Apply_to_each":["Succeeded"]},"metadata":{"operationMetadataId":"c5b4dbc9-fb7d-4a4d-92be-d4b17a93579b"},"type":"OpenApiConnection","inputs":{"host":{"apiId":"/providers/Microsoft.PowerApps/apis/shared_office365","connectionName":"shared_office365","operationId":"SendEmailV2"},"parameters":{"emailMessage/To":"zstephens@3-dtechnology.com","emailMessage/Subject":"ServiceDesk Scorecard Master Incident Report ","emailMessage/Body":"<p><span style=\"color: rgb(97,189,109)\">ServiceDesk Scorecard Master Incident Report flow has ran succesfully!</span></p>"},"authentication":"@parameters('$authentication')"}}}},"connectionReferences":{"shared_sharepointonline":{"connectionName":"41165e493cd240ff97db24be69034d33","source":"Embedded","id":"/providers/Microsoft.PowerApps/apis/shared_sharepointonline","tier":"NotSpecified"},"shared_office365":{"connectionName":"63b4245259844152b0a2005307cf6ade","source":"Embedded","id":"/providers/Microsoft.PowerApps/apis/shared_office365","tier":"NotSpecified"}},"flowFailureAlertSubscribed":false,"isManaged":false}}